REGIÃO EXTREMO OESTE,REGIÃO XANXERÊ,REGIÃO OESTE,REGIÃO  ALTO URUGUAI CATARINENSE,REGIÃO  MEIO OESTE,REGIÃO  ALTO VALE DO RIO DO PEIXE,REGIÃO  SERRA CATARINENSE,REGIÃO  FOZ DO RIO ITAJAÍ,REGIÃO  ALTO VALE DO ITAJAÍ,REGIÃO  MÉDIO VALE DO ITAJAÍ,REGIÃO  GRANDE FLORIANÓPOLIS,REGIÃO  LAGUNA,REGIÃO CARBONÍFERA,REGIÃO  EXTREMO SUL CATARINENSE,REGIÃO  PLANALTO NORTE,REGIÃO  NORDESTE,REGIÃO  VALE DO ITAPOCU
Anchieta ,Abelardo Luz,Águas de Chapecó,Alto Bela Vista,Abdon Batista,Arroio Trinta,Anita Garibaldi ,Balneário Camboriú,Agrolândia,Apiúna ,Águas Mornas ,Armazém ,Cocal do Sul,Araranguá,Bela Vista do Toldo,Araquari,Barra Velha
Bandeirante,Bom Jesus,Águas Frias,Arabutã,Água Doce ,Caçador ,Bocaina do Sul ,Bombinhas ,Agronômica ,Ascurra ,Alfredo Wagner ,Braço do Norte,Criciúma,Balneário Arroio do Silva,Campo Alegre,Balneário Barra do Sul,Corupá
Barra Bonita,Campo Erê,Arvoredo,Concórdia ,Brunópolis,Calmon,Bom Jardim da Serra,Camboriú ,Atalanta,Benedito Novo ,Angelina,Capivari de Baixo ,Forquilhinha,Balneário Gaivota,Canoinhas,Garuva,Guaramirim
Belmonte,Coronel Martins,Caibi,Ipira,Campos Novos,Curitibanos,Bom Retiro,Ilhota ,Aurora,Blumenau ,Anitápolis ,Grão Pará ,Içara,Ermo,Irineópolis,Itapoá,Jaraguá do Sul
Bom Jesus do Oeste,Entre Rios,Caxambu do Sul,Ipumirim,Capinzal ,Fraiburgo ,Capão Alto,Itajaí ,Braço do Trombudo ,Botuverá,Antônio Carlos,Gravatal,Lauro Müller,Jacinto Machado,Itaiópolis,Joinville,Massaranduba
Descanso,Faxinal dos Guedes,Chapecó,Irani,Catanduvas,Frei Rogério,Campo Belo do Sul ,Itapema ,Chapadão do Lageado,Brusque ,Biguaçu ,Imaruí ,Morro da Fumaça,Maracajá,Mafra,São Francisco do Sul,São João do Itaperiú
Dionísio Cerqueira,Galvão,Cordilheira Alta,Itá ,Celso Ramos,Ibiam,Cerro Negro,Luiz Alves,Dona Emma ,Doutor Pedrinho,Canelinha ,Imbituba,Nova Veneza,Meleiro,Major Vieira,,Schroeder
Flor do Sertão,Ipuaçu,Coronel Freitas,Lindóia do Sul ,Erval Velho,Iomerê ,Correia Pinto,Navegantes ,Ibirama,Gaspar,Florianópolis,Jaguaruna,Orleans,Morro Grande,Monte Castelo,,
Guaraciaba,Jupiá,Cunha Porã,Peritiba ,Herval d'Oeste,Lebon Régis,Lages,Penha,Imbuia,Guabiruba,Garopaba ,Laguna ,Siderópolis,Passo de Torres,Papanduva,,
Guarujá do Sul,Lajeado Grande,Cunhataí,Piratuba,Ibicaré,Macieira,Otacílio Costa,Balneário Piçarras ,Ituporanga,Indaial,Governador Celso Ramos ,Pedras Grandes ,Treviso,Praia Grande,Porto União,,
Iporã do Oeste,Marema,Formosa do Sul,Presidente Castello Branco ,Jaborá,Matos Costa,Painel,Porto Belo ,José Boiteux ,Pomerode,Leoberto Leal ,Pescaria Brava,Urussanga,Santa Rosa do Sul,Rio Negrinho,,
Iraceminha,Novo Horizonte,Guatambú,Seara,Joaçaba,Pinheiro Preto ,Palmeira,,Laurentino,Rio dos Cedros,Major Gercino ,Rio Fortuna,Balneário Rincão,São João do Sul,São Bento do Sul,,
Itapiranga,Ouro Verde,Irati,Xavantina,Lacerdópolis,Ponte Alta do Norte ,Ponte Alta,,Lontras ,Rodeio,Nova Trento ,Sangão,,Sombrio,Três Barras,,
Maravilha,Passos Maia,Jardinópolis,,Luzerna,Rio das Antas ,Rio Rufino ,,Mirim Doce ,Timbó ,Palhoça ,Santa Rosa de Lima,,Timbé do Sul,,,
Modelo,Ponte Serrada,Nova Erechim,,Monte Carlo,Salto Veloso,São Joaquim,,Petrolândia ,,Paulo Lopes ,São Ludgero,,Turvo,,,
Mondaí,São Bernardino,Nova Itaberaba,,Ouro,Santa Cecília,São José do Cerrito,,Pouso Redondo ,,Rancho Queimado ,São Martinho,,,,,
Palma Sola,São Domingos,Paial,,Treze Tílias,São Cristóvão do Sul ,Urubici,,Presidente Getúlio ,,Santo Amaro da Imperatriz ,Treze de Maio,,,,,
Paraíso,São Lourenço do Oeste,Palmitos,,Vargem,Tangará ,Urupema ,,Presidente Nereu ,,São Bonifácio ,Tubarão,,,,,
Princesa,Vargeão,Pinhalzinho,,Vargem Bonita,Timbó Grande,,,Rio do Campo ,,São João Batista,,,,,,
Romelândia,Xanxerê,Planalto Alegre,,Zortéa,Videira ,,,Rio do Oeste,,São José,,,,,,
Saltinho,Xaxim,Quilombo,,,,,,Rio do Sul,,São Pedro de Alcântara ,,,,,,
Santa Helena,,Riqueza,,,,,,Salete,,Tijucas ,,,,,,
Santa Terezinha do Progresso,,Santiago do Sul,,,,,,Santa Terezinha ,,,,,,,,
São João do Oeste,,São Carlos,,,,,,Taió ,,,,,,,,
São José do Cedro,,Serra Alta,,,,,,Trombudo Central ,,,,,,,,
São Miguel da Boa Vista,,Sul Brasil,,,,,,Vidal Ramos ,,,,,,,,
São Miguel do Oeste,,União do Oeste,,,,,,Vitor Meireles ,,,,,,,,
Saudades,,,,,,,,Witmarsum ,,,,,,,,
Tigrinhos,,,,,,,,,,,,,,,,
Tunápolis,,,,,,,,,,,,,,,,
